title,company,location,apply_link
(Senior) IT Security Engineer,Unzer GmbH,"Munich, Germany",https://stackoverflow.com/jobs/560573
Application Security ISM Manager,"JPMorgan Chase Bank, N.A.","Glasgow, UK",https://stackoverflow.com/jobs/559964
Automotive Security Engineer (m/w/d),Method Park,"Erlangen, Deutschland",https://stackoverflow.com/jobs/558406
Cybersecurity Software Engineer,"JPMorgan Chase Bank, N.A.","Columbus, OH",https://stackoverflow.com/jobs/561192
IT Security Engineer for Linux based embedded Platforms (f/m/x),BMW Group,"Ulm, Deutschland",https://stackoverflow.com/jobs/498107
Kernel Security Engineer,SUSE,No office location,https://stackoverflow.com/jobs/560046
Mainframe Security Engineer,"JPMorgan Chase Bank, N.A.","Columbus, OH",https://stackoverflow.com/jobs/559602
Mainframe Security Engineer - Vice President - Flexible Working,"JPMorgan Chase Bank, N.A.","Bournemouth, UK",https://stackoverflow.com/jobs/559999
Principal Product Security Engineer,"JPMorgan Chase Bank, N.A.","Houston, TX",https://stackoverflow.com/jobs/561141
Product Security Engineer,Nozomi Networks,"Mendrisio, Switzerland",https://stackoverflow.com/jobs/526404
Security - Product Manager,Canonical,No office location,https://stackoverflow.com/jobs/451971
Security Engineer,Epidemic Sound AB,"Stockholm, Sweden",https://stackoverflow.com/jobs/557197
Security Engineer,Viva Wallet,"Marousi, Greece",https://stackoverflow.com/jobs/540007
Security Engineer - APPSEC (f/m/x),PPRO,"München, Germany",https://stackoverflow.com/jobs/554399
Security Engineering,"JPMorgan Chase Bank, N.A.","Columbus, OH",https://stackoverflow.com/jobs/560645
Security Engineering,"JPMorgan Chase Bank, N.A.","Columbus, OH",https://stackoverflow.com/jobs/560668
Security Infrastructure Engineer,Bloomreach,No office location,https://stackoverflow.com/jobs/525009
Security Software Developer/Architect,Intel Corporation,"Bengaluru, India",https://stackoverflow.com/jobs/539295
Security Software Engineer,"JPMorgan Chase Bank, N.A.","Columbus, OH",https://stackoverflow.com/jobs/560175
Senior Information Security Engineer,ZALORA,"Ho Chi Minh City, Vietnam",https://stackoverflow.com/jobs/552876
Senior Infrastructure Security Engineer,Chan Zuckerberg Initiative,"Redwood City, CA",https://stackoverflow.com/jobs/560740
Senior Security Engineer,BenchSci,"Toronto, ON, Canada",https://stackoverflow.com/jobs/520679
Senior Security Engineer,"Qualia Labs, Inc",No office location,https://stackoverflow.com/jobs/553267
Senior Security Engineer,IG Group,"London, UK",https://stackoverflow.com/jobs/555193
Senior Security Engineer,Exodus.io,No office location,https://stackoverflow.com/jobs/561462
Senior Security Engineer,ti&m AG,"Bern, Schweiz",https://stackoverflow.com/jobs/522323
Senior Security Engineer / DevSecOps Engineer (d/m/w),DEVK Versicherungen,"Köln, Deutschland",https://stackoverflow.com/jobs/526698
Staff Product Security Engineer,"Sailpoint Technologies, Inc.","Austin, TX",https://stackoverflow.com/jobs/557349
Systems Security Developer,Intel Corporation,"Bengaluru, India",https://stackoverflow.com/jobs/539253
Systems Security Engineer - End Point Protection,SAP,"Newtown Square, PA",https://stackoverflow.com/jobs/551332
